Transaction Hash,Status,Method,Blockno,DateTime (UTC),From,From_Nametag,To,To_Nametag,Amount,Value (USD),Txn Fee
"0xe6342ea2325d31fb06633c696d240b97cba3e46b0320a5d7d56796755e4efd2c","Success","Approve","24433646","2026-02-11 12:51:35","0xeab59cf22289d1caed5ab1c03e83cbb1d15368ce","","0x755d61b9aCBC7FCc935E280291cD86cC1913af93","MediChainX: $MedXT Token","0 ETH","$0.00","0.00000963"
"0x28c7b79b539bd15dc047d587350b3d91efd6b403bba5953cf9ee7eb50607fc63","Success","Transfer","24424871","2026-02-10 07:26:23","0x5875d9b0bba20e3b393aad0c61e2e2d78c375db1","","0x755d61b9aCBC7FCc935E280291cD86cC1913af93","MediChainX: $MedXT Token","0 ETH","$0.00","0.00002473"
"0xf53360d16f3bc8bd4f9701c4d96d2418196438ce37a9698006a0d4bb05e250f9","Success","Transfer","24424548","2026-02-10 06:21:11","0x7bceb96a8757114d79c7dcd6b52c460202f17d13","","0x755d61b9aCBC7FCc935E280291cD86cC1913af93","MediChainX: $MedXT Token","0 ETH","$0.00","0.00000128"
"0xe83168f326916d40328515020a72cc36b196a55e3373a408888b3d673cddf874","Success","Transfer","24422139","2026-02-09 22:17:11","0x9c3b84cbd70f8372d15487b00276e222fdeab92d","","0x755d61b9aCBC7FCc935E280291cD86cC1913af93","MediChainX: $MedXT Token","0 ETH","$0.00","0.00000793"
"0xff212b3086ebea8c1f335083cd805d724a9e9aebfbeaeae7ba70ec1ffa36f8bd","Success","Transfer","24422138","2026-02-09 22:16:59","0xf4fc8a8ff065b51a5365b010a9e066b259f9d6b7","","0x755d61b9aCBC7FCc935E280291cD86cC1913af93","MediChainX: $MedXT Token","0 ETH","$0.00","0.00000802"
"0x284c11b39f8424796bf5644d79e28b4488d3242c521dcbc52c3dec778a531806","Success","Transfer","24419469","2026-02-09 13:20:47","0xa30ab433232e9d21ddb69617a85dae6194f74be0","","0x755d61b9aCBC7FCc935E280291cD86cC1913af93","MediChainX: $MedXT Token","0 ETH","$0.00","0.00008543"
"0xe1433506397ce42bdcd6ddf2f960f65b981a450832b3cfd8df9c905904f1f53c","Success","Approve","24414210","2026-02-08 19:41:47","0x0cdc73d78f2c7e8c2177ed3f1d2bf029ae80090f","","0x755d61b9aCBC7FCc935E280291cD86cC1913af93","MediChainX: $MedXT Token","0 ETH","$0.00","0.00000346"
"0x7513431be9283b1aac05584a3f69a0602679a5f6ce9ed33324bf887b31c9b1da","Success","Approve","24414205","2026-02-08 19:40:47","0x7e1df559f7bd44a9126bd7a9fdff5beb88aae908","","0x755d61b9aCBC7FCc935E280291cD86cC1913af93","MediChainX: $MedXT Token","0 ETH","$0.00","0.00009488"
"0x0ea7189848e74aa437c81875672c73209043b5266d6a7805eb8adae4e3444f7c","Success","Update Whitelist","24413201","2026-02-08 16:18:35","0x5a0e9bfd15989fc0ea620ed6496e3a1f101b0f4d","","0x755d61b9aCBC7FCc935E280291cD86cC1913af93","MediChainX: $MedXT Token","0 ETH","$0.00","0.00011511"
"0x425f94353944c2aa0ca96876c2865556337b14219158c44ff91ad04a8cc8b74d","Success","Update Whitelist","24413175","2026-02-08 16:13:23","0x5a0e9bfd15989fc0ea620ed6496e3a1f101b0f4d","","0x755d61b9aCBC7FCc935E280291cD86cC1913af93","MediChainX: $MedXT Token","0 ETH","$0.00","0.00007096"
"0x91befbf9184c9ed6cb9f75252a5a0ea75839eabdcfd410e250677cb531809f8c","Success","Update Admin","24413067","2026-02-08 15:51:47","0x5a0e9bfd15989fc0ea620ed6496e3a1f101b0f4d","","0x755d61b9aCBC7FCc935E280291cD86cC1913af93","MediChainX: $MedXT Token","0 ETH","$0.00","0.0000633"
"0xb484722000d4011d40fa0cc62d2b8492796cfcdd51a525625eddca50a9593aaa","Success","Transfer","24412942","2026-02-08 15:26:35","0x2a22f289685834f265b4f429dc93462ea3a107ef","","0x755d61b9aCBC7FCc935E280291cD86cC1913af93","MediChainX: $MedXT Token","0 ETH","$0.00","0.00008483"
"0x0aa6edffc03e0c0d6cdb4b0eb833bb9de467fe7a52a42b4caea7594fce5b9a3e","Success","Transfer","24412933","2026-02-08 15:24:47","0x2a22f289685834f265b4f429dc93462ea3a107ef","","0x755d61b9aCBC7FCc935E280291cD86cC1913af93","MediChainX: $MedXT Token","0 ETH","$0.00","0.00008471"
"0xc10190d113be27ff80a18738cca69dff392d3b6f622c773358aca2b19e6046e1","Success","Transfer","24412917","2026-02-08 15:21:23","0x2a22f289685834f265b4f429dc93462ea3a107ef","","0x755d61b9aCBC7FCc935E280291cD86cC1913af93","MediChainX: $MedXT Token","0 ETH","$0.00","0.00008453"
"0xebc8ed78b89b53f9e6c9e3bf844202d899a69a0c171eb0e0d231aa9571df4965","Success","Transfer","24412907","2026-02-08 15:19:23","0x2a22f289685834f265b4f429dc93462ea3a107ef","","0x755d61b9aCBC7FCc935E280291cD86cC1913af93","MediChainX: $MedXT Token","0 ETH","$0.00","0.00008435"
"0x2500fbb63d1a1696b29a061c034e3d70407866d02b15dd76bc33519c2352fa68","Success","Transfer","24412898","2026-02-08 15:17:35","0x2a22f289685834f265b4f429dc93462ea3a107ef","","0x755d61b9aCBC7FCc935E280291cD86cC1913af93","MediChainX: $MedXT Token","0 ETH","$0.00","0.00008449"
"0xf0c49f18724a69fdab0b14d7b9417ca242ec768ad037678a8efdf04a3ddcdba3","Success","Transfer","24412891","2026-02-08 15:15:59","0x2a22f289685834f265b4f429dc93462ea3a107ef","","0x755d61b9aCBC7FCc935E280291cD86cC1913af93","MediChainX: $MedXT Token","0 ETH","$0.00","0.00008404"
"0xde645f7f7094ecf6084eda8534051970c2576b4f14c7636d1f1c272d9998e7d3","Success","Transfer","24412888","2026-02-08 15:15:23","0x2a22f289685834f265b4f429dc93462ea3a107ef","","0x755d61b9aCBC7FCc935E280291cD86cC1913af93","MediChainX: $MedXT Token","0 ETH","$0.00","0.00008422"
"0x23fb418c40c087cdc334a9c09ae86e1f7dca11fef135b4b1283685c270249566","Success","Transfer","24412885","2026-02-08 15:14:47","0x2a22f289685834f265b4f429dc93462ea3a107ef","","0x755d61b9aCBC7FCc935E280291cD86cC1913af93","MediChainX: $MedXT Token","0 ETH","$0.00","0.0000841"
"0x42f634e3c89245b4c32e4e34fe0b73f53dd970f1ce75f85124a72aaa71d31428","Success","Transfer","24412879","2026-02-08 15:13:35","0x2a22f289685834f265b4f429dc93462ea3a107ef","","0x755d61b9aCBC7FCc935E280291cD86cC1913af93","MediChainX: $MedXT Token","0 ETH","$0.00","0.00008412"
"0x53244db082c4c02f1de2bfd21c02409ff85a2692288c0fb157e2218a6cbd2c32","Success","Transfer","24412870","2026-02-08 15:11:47","0x2a22f289685834f265b4f429dc93462ea3a107ef","","0x755d61b9aCBC7FCc935E280291cD86cC1913af93","MediChainX: $MedXT Token","0 ETH","$0.00","0.00008432"
"0x6b8df621fc4dfd5bafb8fd91348a7992c84b1da182e6bd0feb509e047ab9b03a","Success","Approve","24390457","2026-02-05 11:53:23","0x9f1ad42260f0141308e63e023078a83fb656f971","","0x755d61b9aCBC7FCc935E280291cD86cC1913af93","MediChainX: $MedXT Token","0 ETH","$0.00","0.0000742"
"0x29b410ec680bcca9f2aa8c60c146027b964864060ad62e01228cb2bfdd80dd82","Success","Transfer","24390060","2026-02-05 10:33:35","0x3b10541d97ce8f12b4ac1e92de47da0027c14d19","","0x755d61b9aCBC7FCc935E280291cD86cC1913af93","MediChainX: $MedXT Token","0 ETH","$0.00","0.00004418"
"0x28a35a324e7622b7868e122877e89433d816e92c3fba0d032c0ee609ca4b76ba","Success","Transfer","24390048","2026-02-05 10:31:11","0xf62980271a753fa8cf47186361b0800476ba4915","","0x755d61b9aCBC7FCc935E280291cD86cC1913af93","MediChainX: $MedXT Token","0 ETH","$0.00","0.00004392"
"0x078f2fab704ea64f88280045c47c30f90b5e24083ae1241d54f576da1d9bae9d","Success","Transfer","24390038","2026-02-05 10:29:11","0x3a023ed0ef64594c4a7396bd8026d7d351ec0cef","","0x755d61b9aCBC7FCc935E280291cD86cC1913af93","MediChainX: $MedXT Token","0 ETH","$0.00","0.00004456"